"","dir","file","size"
"1","dir ccbjg","dir mcvsbd",0
"2","dir ccbjg","dir sppmmj",0
"3","dir cgf","dir dvlb",0
"4","dir cwjbzd","dir tlhttrgs",0
"5","dir cwjbzd"," ccpnsjm.cwc",172122
"6","dir cwjbzd"," dfqpqqw",93069
"7","dir cwjbzd","dir lfrctthp",0
"8","dir cwjbzd"," lfrctthp.cms",123102
"9","dir cwjbzd"," lqhjcbms",73991
"10","dir cwjbzd"," mcnwp",207693
"11","dir cwjbzd","dir sppmmj",0
"12","dir cwjbzd"," tzrrgl",114128
"13","dir cwjbzd"," cwjbzd.lff",147822
"14","dir cwjbzd"," hhcp.jzd",122632
"15","dir cwjbzd"," llcflrds",235724
"16","dir cwjbzd","dir tlhttrgs",0
"17","dir cwjbzd"," tvptb.fzl",67326
"18","dir cwjbzd"," wtcttdzg",162986
"19","dir cwjbzd"," ccpnsjm.cwc",208459
"20","dir cwjbzd"," dtqglmf.zgb",17127
"21","dir cwjbzd"," ccpnsjm.cwc",224826
"22","dir cwjbzd"," jpzb.dcw",197956
"23","dir cwjbzd"," mwvlhzdn",272658
"24","dir cwjbzd"," qrpllg",215810
"25","dir cwjbzd"," sppmmj.gcz",205638
"26","dir cwjbzd"," wbs.vmh",262825
"27","dir dhgghnm"," jbmlssv.ndp",36757
"28","dir dhgghnm","dir sppmmj",0
"29","dir dnqvhtr"," jzm",239360
"30","dir dnqvhtr"," phcfgqfs",257801
"31","dir dnqvhtr","dir sppmmj",0
"32","dir dnqvhtr"," vhrst",102273
"33","dir drtrdnsg"," gnc",385094
"34","dir drtrdnsg","dir sppmmj",0
"35","dir dvlb"," bjfqsb",264579
"36","dir dvlb","dir fnwsmj",0
"37","dir dvlb"," gplzm",154127
"38","dir dvlb"," qcp.qvc",264923
"39","dir dvlb"," wlhfvwl",205483
"40","dir dvlb"," wrgqqts",124869
"41","dir dvlb","dir zhj",0
"42","dir dvlb"," hhcp.jzd",118388
"43","dir dvlb"," dvlb.fhs",167639
"44","dir dvlb"," qnhgn.mgn",70305
"45","dir dvlb"," bmvzg",59824
"46","dir dvlb"," lfrctthp",184952
"47","dir dvlb"," qwcttnh.pbs",51434
"48","dir dvlb"," wbs.vmh",206348
"49","dir dvlb","dir cwjbzd",0
"50","dir dvlb","dir dnqvhtr",0
"51","dir dvlb"," jqpzj",7675
"52","dir dvlb","dir jvvsgbl",0
"53","dir dvlb","dir tlhttrgs",0
"54","dir dvlb"," trww",62683
"55","dir dvlb"," vsbvlr",184438
"56","dir dvlb"," prqfqf",241963
"57","dir dvlb"," thff",77864
"58","dir dvlb"," rwr.nbz",41223
"59","dir fngzpjm","dir dvlb",0
"60","dir fngzpjm"," ghzwdw",231626
"61","dir fnwsmj","dir lfrctthp",0
"62","dir fnwsmj"," rddpmj",228871
"63","dir fqswn"," ccpnsjm.cwc",76154
"64","dir fqswn","dir dhgghnm",0
"65","dir fqswn","dir vpbwj",0
"66","dir ghzsqrn"," dbrtz.lrn",74556
"67","dir ghzsqrn","dir fngzpjm",0
"68","dir ghzsqrn"," mdqbvhrr",32598
"69","dir ghzsqrn"," mrfjpgwj",220711
"70","dir ghzsqrn"," sfhqmzhd",58893
"71","dir ghzsqrn"," tlhttrgs.thf",67424
"72","dir ghzsqrn"," vsngvn.ttq",202325
"73","dir hvwjc"," ccpnsjm.cwc",233454
"74","dir hvwjc"," lfrctthp",72232
"75","dir hvwjc"," nchvqtdq",49931
"76","dir hvwjc"," ptrlpt.gdf",248368
"77","dir hvwjc"," qgjv",222059
"78","dir hvwjc"," wbs.vmh",69105
"79","dir hvwjc","dir wnj",0
"80","dir jnm"," bfwm",66785
"81","dir jnm"," dssh.rwn",196636
"82","dir jnm","dir sppmmj",0
"83","dir jnm"," tlhttrgs.jlh",140177
"84","dir jnm"," vsbvlr",199730
"85","dir jqcms"," ccpnsjm.cwc",105562
"86","dir jqcms"," chpr.zvl",257512
"87","dir jqcms","dir cwjbzd",0
"88","dir jqcms"," jzqbnpn",112583
"89","dir jqcms"," ssr",205621
"90","dir jqcms"," tlhttrgs.thg",117496
"91","dir jqcms"," vsbvlr",72550
"92","dir jssbn"," dvlb",89372
"93","dir jssbn","dir lfrctthp",0
"94","dir jssbn","dir pjzpjjq",0
"95","dir jssbn"," rbtbtt",174943
"96","dir jssbn"," sppmmj",203148
"97","dir jssbn"," sppmmj.bmm",130200
"98","dir jssbn","dir tlhttrgs",0
"99","dir jssbn"," vsbvlr",248929
"100","dir jvvsgbl"," bgjgtfbv.wcf",217539
"101","dir jvvsgbl"," fbvls",146823
"102","dir jvvsgbl"," gtwrhhd",59762
"103","dir jvvsgbl","dir tlhttrgs",0
"104","dir jvvsgbl"," wbs.vmh",59720
"105","dir ldmwm"," blcbqb.wpz",67855
"106","dir ldmwm","dir cwjbzd",0
"107","dir ldmwm"," czdm",250365
"108","dir ldmwm"," dvlb.mfq",249613
"109","dir ldmwm"," jdsbt",676993
"110","dir ldmwm"," tlhttrgs.wgw",95934
"111","dir lfrctthp","dir lfrctthp",0
"112","dir lfrctthp"," srf",559754
"113","dir lfrctthp"," vlfc",165285
"114","dir lfrctthp"," wbs.vmh",202701
"115","dir lfrctthp"," gsb.flc",25083
"116","dir lfrctthp"," qdgqdtn",230357
"117","dir lfrctthp"," qhjbh.fbc",198919
"118","dir lfrctthp"," sgddcfdn",346732
"119","dir lfrctthp"," ccpnsjm.cwc",168164
"120","dir lfrctthp"," dcmfjn",68428
"121","dir lfrctthp"," dvlb",133121
"122","dir lfrctthp"," sppmmj.zjm",146217
"123","dir lfrctthp"," thgh",255855
"124","dir lfrctthp"," zzffz",170513
"125","dir lfrctthp","dir cwjbzd",0
"126","dir lfrctthp","dir dvlb",0
"127","dir lfrctthp"," fclf",65658
"128","dir lfrctthp"," hhcp.jzd",191985
"129","dir lfrctthp","dir lwqdqm",0
"130","dir lfrctthp","dir mpb",0
"131","dir lfrctthp"," ndn",1143821
"132","dir lfrctthp"," rtpwjds",587125
"133","dir lfrctthp"," smp",185299
"134","dir lfrctthp","dir sqhvvsb",0
"135","dir lfrctthp","dir vzh",0
"136","dir lfrctthp","dir zzvnq",0
"137","dir lfrctthp","dir fqswn",0
"138","dir lfrctthp"," jllwj.wjc",241343
"139","dir lfrctthp"," fqc.fnl",26056
"140","dir lfrctthp"," lgjlw.vql",28191
"141","dir lfrctthp","dir sppmmj",0
"142","dir lfrctthp"," wbs.vmh",262066
"143","dir lfrctthp"," hhcp.jzd",198780
"144","dir lfrctthp"," lfrctthp",122902
"145","dir lfrctthp"," svmpmrl.tcc",247157
"146","dir lfrctthp"," cwjbzd.hbf",104555
"147","dir lfrctthp"," pldmc.hjd",56298
"148","dir lfrctthp"," sppmmj.nmr",27639
"149","dir lrtsts","dir drtrdnsg",0
"150","dir lrtsts"," dvlb.fgt",41195
"151","dir lrtsts","dir lfrctthp",0
"152","dir lvchpdf"," hhcp.jzd",108580
"153","dir lvchpdf"," jpjjhshl",105301
"154","dir lvchpdf","dir njfmmj",0
"155","dir lvchpdf"," nsw",210254
"156","dir lvchpdf","dir sppmmj",0
"157","dir lvchpdf","dir tlhttrgs",0
"158","dir lvchpdf"," tvsvr",237626
"159","dir lwqdqm"," bdgnmf",146880
"160","dir lwqdqm","dir dvlb",0
"161","dir lwqdqm"," vsbvlr",89596
"162","dir lznpqbrd"," dpvcgj.wlw",157950
"163","dir lznpqbrd","dir dvlb",0
"164","dir lznpqbrd"," dvlb.qvr",175412
"165","dir lznpqbrd","dir lfrctthp",0
"166","dir lznpqbrd"," pmsjdj",84587
"167","dir mcvsbd","dir cwjbzd",0
"168","dir mcvsbd"," rbsv",164816
"169","dir mpb","dir dvlb",0
"170","dir njfmmj"," bjsvdfrf",77668
"171","dir njfmmj"," gjgftj",300188
"172","dir njfmmj","dir sppmmj",0
"173","dir njfmmj"," twzprtcf.hgl",25879
"174","dir nmzntmcf","dir jqcms",0
"175","dir nmzntmcf","dir lrtsts",0
"176","dir nmzntmcf","dir lvchpdf",0
"177","dir nmzntmcf"," qpzqp",787277
"178","dir nmzntmcf"," qrgh",414392
"179","dir nmzntmcf","dir scwnmrds",0
"180","dir nqv"," hnz.czd",262693
"181","dir nqv"," lptljbz",259429
"182","dir nqv"," rjgbm",392780
"183","dir nqv","dir tlhttrgs",0
"184","dir nqv"," tlhttrgs.jlv",76496
"185","dir nqv"," vsbvlr",260003
"186","dir pddfg","dir cwjbzd",0
"187","dir pddfg"," jbw",247206
"188","dir pddfg"," vsbvlr",147410
"189","dir pjzpjjq"," chgbd.zjf",14329
"190","dir pjzpjjq","dir dvlb",0
"191","dir pjzpjjq"," pjc",212284
"192","dir pjzpjjq","dir qlrn",0
"193","dir pjzpjjq"," rhzgmnb.nhd",225566
"194","dir pjzpjjq"," sppmmj.dzz",145766
"195","dir pjzpjjq","dir vpltwcs",0
"196","dir pjzpjjq"," wbs.vmh",125853
"197","dir qlrn"," bflnzt",150270
"198","dir qlrn"," bgq",203988
"199","dir qlrn"," jwgd",57414
"200","dir qlrn"," sppmmj",256702
"201","dir qlrn","dir wbgvqpc",0
"202","dir qzvwhr","dir cwjbzd",0
"203","dir sbhswjld"," dvlb.bqj",159193
"204","dir sbhswjld"," hhcp.jzd",17424
"205","dir sbhswjld"," pdwrmgs.lzq",28945
"206","dir sbhswjld"," rpbllgs.rzn",38201
"207","dir sbhswjld","dir sppmmj",0
"208","dir scwnmrds","dir sppmmj",0
"209","dir sppmmj"," dsss",201519
"210","dir sppmmj","dir sppmmj",0
"211","dir sppmmj"," fwh.wtt",161387
"212","dir sppmmj"," ccpnsjm.cwc",230280
"213","dir sppmmj"," hhcp.jzd",261954
"214","dir sppmmj"," hmcn",421449
"215","dir sppmmj"," mrhsrrm",126589
"216","dir sppmmj"," nlqmghj",113621
"217","dir sppmmj"," rqbtcvfw",259673
"218","dir sppmmj"," vsbvlr",70788
"219","dir sppmmj"," wbs.vmh",114344
"220","dir sppmmj"," wjnf.wrv",225265
"221","dir sppmmj"," ccpnsjm.cwc",85264
"222","dir sppmmj"," dvlb.qgj",104511
"223","dir sppmmj"," lfrctthp.zdn",183533
"224","dir sppmmj"," wbs.vmh",98525
"225","dir sppmmj"," ccpnsjm.cwc",246742
"226","dir sppmmj"," czdm",128955
"227","dir sppmmj"," jtjh.nzq",64809
"228","dir sppmmj"," mdmh",142470
"229","dir sppmmj"," nbzh",368372
"230","dir sppmmj"," wbs.vmh",126095
"231","dir sppmmj"," wwhbgg",51752
"232","dir sppmmj","dir qzvwhr",0
"233","dir sppmmj"," cwjbzd.dtt",55463
"234","dir sppmmj"," dvlb",196779
"235","dir sppmmj"," hgb.qmj",125377
"236","dir sppmmj"," rdd",20045
"237","dir sppmmj","dir tlhttrgs",0
"238","dir sppmmj"," tspz",222280
"239","dir sppmmj"," zbq",223951
"240","dir sppmmj"," wbs.vmh",88100
"241","dir sppmmj","dir sppmmj",0
"242","dir sppmmj"," blznf.smd",73173
"243","dir sppmmj"," ccpnsjm.cwc",101586
"244","dir sppmmj","dir lfrctthp",0
"245","dir sppmmj"," vsbvlr",127582
"246","dir sppmmj"," zvrzs",71001
"247","dir sqhvvsb"," gjhj",7812
"248","dir sqhvvsb"," hhcp.jzd",239114
"249","dir sqhvvsb","dir ldmwm",0
"250","dir sqhvvsb"," vsbvlr",230777
"251","dir tlhttrgs"," cqtnvzn",49609
"252","dir tlhttrgs"," wbs.vmh",220458
"253","dir tlhttrgs"," cchd",126044
"254","dir tlhttrgs"," cvbr.rmh",32682
"255","dir tlhttrgs"," mpdpnb",209102
"256","dir tlhttrgs"," wbs.vmh",96179
"257","dir tlhttrgs","dir zjghthcb",0
"258","dir tlhttrgs"," zmlpwlm",232644
"259","dir tlhttrgs"," vdp.wzt",240264
"260","dir tlhttrgs"," cwjbzd.lqr",125785
"261","dir tlhttrgs"," jdcm.mrz",19315
"262","dir tlhttrgs"," ccpnsjm.cwc",7093
"263","dir tlhttrgs","dir dvlb",0
"264","dir tlhttrgs"," hjclnb",412610
"265","dir tlhttrgs"," czdm",53060
"266","dir tlhttrgs"," hzwn",217177
"267","dir tlhttrgs","dir cgf",0
"268","dir tlhttrgs"," csb.hcw",67714
"269","dir tlhttrgs","dir cwjbzd",0
"270","dir tlhttrgs"," jvs",142337
"271","dir tlhttrgs"," lfrctthp.qgm",119180
"272","dir tlhttrgs"," ppsmqwn",147277
"273","dir tlhttrgs"," qqmtj",153442
"274","dir tlhttrgs"," qzmpwzvz",478036
"275","dir tlhttrgs"," zmsbqrqf",193665
"276","dir tlhttrgs"," wbs.vmh",47256
"277","dir tlhttrgs"," jvndrcmd.ftl",56808
"278","dir tlhttrgs"," mjcmhg",214188
"279","dir tlhttrgs"," prh.wtz",220385
"280","dir tlhttrgs"," pzbtlg.fzv",231575
"281","dir tlhttrgs"," sqfr.lzs",11100
"282","dir tlhttrgs","dir tlhttrgs",0
"283","dir tlhttrgs"," qtws",102462
"284","dir tlhttrgs","dir sbhswjld",0
"285","dir tlhttrgs"," zsjgqqb",252680
"286","dir top"," cmnwnpwb",150961
"287","dir top"," hhcp.jzd",28669
"288","dir top","dir jssbn",0
"289","dir top","dir lfrctthp",0
"290","dir top"," lfrctthp.tlv",133395
"291","dir top"," ltwmz",243152
"292","dir top","dir nmzntmcf",0
"293","dir top","dir vhj",0
"294","dir top"," wbs.vmh",256180
"295","dir top"," zsntdzf",257693
"296","dir vhj"," cwjbzd.tvv",221377
"297","dir vhj"," czdm",98748
"298","dir vhj"," hhcp.jzd",108605
"299","dir vhj","dir jnm",0
"300","dir vhj","dir lfrctthp",0
"301","dir vhj"," lfrctthp.jfl",11518
"302","dir vhj"," psnfcwpq.zcd",89038
"303","dir vhj","dir tlhttrgs",0
"304","dir vpbwj"," ccpnsjm.cwc",154042
"305","dir vpbwj","dir tlhttrgs",0
"306","dir vpbwj"," vsbvlr",271666
"307","dir vpltwcs","dir tlhttrgs",0
"308","dir vpltwcs"," vsbvlr",146745
"309","dir vzh","dir ccbjg",0
"310","dir vzh"," czdm",91733
"311","dir vzh"," dvlb",89195
"312","dir vzh"," rvfpbl.rtq",212167
"313","dir vzh"," tlhttrgs.djt",224909
"314","dir vzh"," vpznzhs.dcd",72916
"315","dir wbgvqpc","dir dvlb",0
"316","dir wbgvqpc"," qfhvjtv",246886
"317","dir wbgvqpc"," tpcwhmv",3666
"318","dir wnj"," ccpnsjm.cwc",182139
"319","dir wnj","dir dvlb",0
"320","dir wnj"," hhcp.jzd",72806
"321","dir wnj"," sppmmj",156378
"322","dir zhj"," hww",881861
"323","dir zhj"," lqn",192363
"324","dir zhj","dir nqv",0
"325","dir zjghthcb","dir dvlb",0
"326","dir zjghthcb","dir ghzsqrn",0
"327","dir zjghthcb","dir hvwjc",0
"328","dir zjghthcb","dir lfrctthp",0
"329","dir zzvnq"," lfrctthp",107390
"330","dir zzvnq","dir lznpqbrd",0
"331","dir zzvnq","dir pddfg",0
"332","dir zzvnq"," prnjh.sgb",143496
"333","dir zzvnq"," pvdz",438287
"334","dir zzvnq"," vnmhs",16118
"335","dir zzvnq"," zhnh.mpl",118674
